<?xml version="1.0" encoding="UTF-8" ?>
<configuration>
    <springProfile name="default,dev,it">
        <include resource="org/springframework/boot/logging/logback/base.xml" />
    </springProfile>

    <springProfile name="test,prod">
        <springProperty name="LOG_FILE"
                        source="logging.log_file" />

        <appender name="jsonConsoleAppender" class="ch.qos.logback.core.ConsoleAppender">
            <encoder class="net.logstash.logback.encoder.LogstashEncoder" />
        </appender>

        <appender name="fileAppender"
                  class="ch.qos.logback.core.rolling.RollingFileAppender">
            <encoder class="net.logstash.logback.encoder.LogstashEncoder" />
            <file>${LOG_FILE}</file>
            <rollingPolicy class="ch.qos.logback.core.rolling.TimeBasedRollingPolicy">
                <fileNamePattern>${LOG_FILE}_%d{yyyy-MM-dd}</fileNamePattern>
                <maxHistory>730</maxHistory>
                <totalSizeCap>10GB</totalSizeCap>
            </rollingPolicy>
        </appender>

        <root level="INFO">
            <appender-ref ref="fileAppender"/>
            <appender-ref ref="jsonConsoleAppender"/>
        </root>
    </springProfile>
</configuration>
